snapshot_at,od,origin,destination,outbound_travel_date,return_travel_date,lead_time_days,offer_index,offer_label,price_eur,price_text,carrier_count,carriers,outbound_carrier,inbound_carrier,is_direct,stops_summary,luggage,dynamic_points,outbound_departure_time,outbound_arrival_time,outbound_duration_text,inbound_departure_time,inbound_arrival_time,inbound_duration_text,summary_headline,summary_direct_count,summary_direct_min_price_eur
2026-05-26T20:28:20Z,MUC-PMI,MUC,PMI,2026-05-30,2026-06-06,4,0,Beliebtester Flug,460.92,"460,92 €",1,Discover Airlines,Discover Airlines,Discover Airlines,1,Direkt,"inklusive: kleine Tasche, Handgepäck",,06:00,08:10,2 Std. 10 Min.,08:55,11:10,2 Std. 15 Min.,"706 Flüge nach Palma de Mallorca ab 403,18 €",39,410.0
2026-05-26T20:28:20Z,MUC-PMI,MUC,PMI,2026-05-30,2026-06-06,4,1,Früheste Ankunftszeit,588.98,"588,98 €",1,Condor,Condor,Condor,1,Direkt,"inklusive: kleine Tasche, Handgepäck, Aufgabegepäck",,05:50,08:00,2 Std. 10 Min.,20:55,23:00,2 Std. 5 Min.,"706 Flüge nach Palma de Mallorca ab 403,18 €",39,410.0
2026-05-26T21:24:01Z,LHR-JFK,LHR,JFK,2026-06-16,2026-06-23,21,0,,811.1,"811,10 €",1,American Airlines,American Airlines,American Airlines,1,Direkt,"inklusive: kleine Tasche, Handgepäck",,18:05,21:05,8 Std.,07:50,19:45,6 Std. 55 Min.,"422 Flüge nach New York City ab 708,53 €",100,812.0
2026-05-26T21:24:01Z,LHR-JFK,LHR,JFK,2026-06-16,2026-06-23,21,1,,811.1,"811,10 €",1,American Airlines,American Airlines,American Airlines,1,Direkt,"inklusive: kleine Tasche, Handgepäck",,18:05,21:05,8 Std.,19:15,07:20,7 Std. 5 Min.,"422 Flüge nach New York City ab 708,53 €",100,812.0
2026-05-26T21:24:01Z,LHR-JFK,LHR,JFK,2026-06-16,2026-06-23,21,2,,811.1,"811,10 €",1,American Airlines,American Airlines,American Airlines,1,Direkt,"inklusive: kleine Tasche, Handgepäck",,18:05,21:05,8 Std.,09:30,21:40,7 Std. 10 Min.,"422 Flüge nach New York City ab 708,53 €",100,812.0
2026-05-26T21:24:01Z,LHR-JFK,LHR,JFK,2026-06-16,2026-06-23,21,3,,811.1,"811,10 €",1,American Airlines,American Airlines,American Airlines,1,Direkt,"inklusive: kleine Tasche, Handgepäck",,18:05,21:05,8 Std.,18:05,06:25,7 Std. 20 Min.,"422 Flüge nach New York City ab 708,53 €",100,812.0
2026-05-26T21:24:01Z,LHR-JFK,LHR,JFK,2026-06-16,2026-06-23,21,4,,849.1,"849,10 €",1,American Airlines,American Airlines,American Airlines,1,Direkt,"inklusive: kleine Tasche, Handgepäck",,08:20,11:10,7 Std. 50 Min.,07:50,19:45,6 Std. 55 Min.,"422 Flüge nach New York City ab 708,53 €",100,812.0
2026-05-26T21:24:11Z,MAD-BCN,MAD,BCN,2026-06-16,2026-06-23,21,0,,156.89,"156,89 €",1,Air Europa,Air Europa,Air Europa,1,Direkt,"inklusive: kleine Tasche, Handgepäck",,15:10,16:35,1 Std. 25 Min.,20:30,21:55,1 Std. 25 Min.,"321 Flüge nach Barcelona ab 156,89 €",249,157.0
2026-05-26T21:24:11Z,MAD-BCN,MAD,BCN,2026-06-16,2026-06-23,21,1,,192.89,"192,89 €",1,Air Europa,Air Europa,Air Europa,1,Direkt,"inklusive: kleine Tasche, Handgepäck, Aufgabegepäck",,15:10,16:35,1 Std. 25 Min.,20:30,21:55,1 Std. 25 Min.,"321 Flüge nach Barcelona ab 156,89 €",249,157.0
2026-05-26T21:24:11Z,MAD-BCN,MAD,BCN,2026-06-16,2026-06-23,21,2,,196.89,"196,89 €",1,Air Europa,Air Europa,Air Europa,1,Direkt,"inklusive: kleine Tasche, Handgepäck",,07:30,08:55,1 Std. 25 Min.,20:30,21:55,1 Std. 25 Min.,"321 Flüge nach Barcelona ab 156,89 €",249,157.0
2026-05-26T21:24:11Z,MAD-BCN,MAD,BCN,2026-06-16,2026-06-23,21,3,,217.99,"217,99 €",1,Vueling,Vueling,Vueling,1,Direkt,"inklusive: kleine Tasche, Handgepäck, Aufgabegepäck",,21:35,22:50,1 Std. 15 Min.,14:50,16:15,1 Std. 25 Min.,"321 Flüge nach Barcelona ab 156,89 €",249,157.0
2026-05-26T21:24:11Z,MAD-BCN,MAD,BCN,2026-06-16,2026-06-23,21,4,,217.99,"217,99 €",1,Iberia Airlines,Iberia Airlines,Iberia Airlines,1,Direkt,"inklusive: kleine Tasche, Handgepäck, Aufgabegepäck",,21:35,22:50,1 Std. 15 Min.,14:50,16:15,1 Std. 25 Min.,"321 Flüge nach Barcelona ab 156,89 €",249,157.0
2026-05-26T21:24:20Z,FRA-MUC,FRA,MUC,2026-06-16,2026-06-23,21,0,,170.98,"170,98 €",1,Condor,Condor,Condor,1,Direkt,"inklusive: kleine Tasche, Handgepäck",,07:15,08:15,1 Std.,16:20,17:15,55 Min.,"657 Flüge nach München ab 170,98 €",346,171.0
2026-05-26T21:24:20Z,FRA-MUC,FRA,MUC,2026-06-16,2026-06-23,21,1,,190.98,"190,98 €",1,Condor,Condor,Condor,1,Direkt,"inklusive: kleine Tasche, Handgepäck",,14:30,15:30,1 Std.,16:20,17:15,55 Min.,"657 Flüge nach München ab 170,98 €",346,171.0
2026-05-26T21:24:20Z,FRA-MUC,FRA,MUC,2026-06-16,2026-06-23,21,2,,193.98,"193,98 €",1,Condor,Condor,Condor,1,Direkt,"inklusive: kleine Tasche, Handgepäck",,07:15,08:15,1 Std.,09:15,10:10,55 Min.,"657 Flüge nach München ab 170,98 €",346,171.0
2026-05-26T21:24:20Z,FRA-MUC,FRA,MUC,2026-06-16,2026-06-23,21,3,,206.98,"206,98 €",1,Condor,Condor,Condor,1,Direkt,"inklusive: kleine Tasche, Handgepäck, Aufgabegepäck",,07:15,08:15,1 Std.,16:20,17:15,55 Min.,"657 Flüge nach München ab 170,98 €",346,171.0
2026-05-26T21:24:20Z,FRA-MUC,FRA,MUC,2026-06-16,2026-06-23,21,4,,213.98,"213,98 €",1,Condor,Condor,Condor,1,Direkt,"inklusive: kleine Tasche, Handgepäck",,14:30,15:30,1 Std.,09:15,10:10,55 Min.,"657 Flüge nach München ab 170,98 €",346,171.0
2026-05-26T21:24:30Z,FCO-MAD,FCO,MAD,2026-06-16,2026-06-23,21,0,,70.83,"70,83 €",1,Ryanair,Ryanair,Ryanair,1,Direkt,inklusive: kleine Tasche,,06:05,08:45,2 Std. 40 Min.,22:15,00:40,2 Std. 25 Min.,"491 Flüge nach Madrid ab 70,83 €",132,71.0
2026-05-26T21:24:30Z,FCO-MAD,FCO,MAD,2026-06-16,2026-06-23,21,1,,77.6,"77,60 €",1,Ryanair,Ryanair,Ryanair,1,Direkt,inklusive: kleine Tasche,,06:05,08:45,2 Std. 40 Min.,06:45,09:10,2 Std. 25 Min.,"491 Flüge nach Madrid ab 70,83 €",132,71.0
2026-05-26T21:24:30Z,FCO-MAD,FCO,MAD,2026-06-16,2026-06-23,21,2,,90.93,"90,93 €",1,Ryanair,Ryanair,Ryanair,1,Direkt,inklusive: kleine Tasche,,19:00,21:40,2 Std. 40 Min.,22:15,00:40,2 Std. 25 Min.,"491 Flüge nach Madrid ab 70,83 €",132,71.0
2026-05-26T21:24:30Z,FCO-MAD,FCO,MAD,2026-06-16,2026-06-23,21,3,,97.7,"97,70 €",1,Ryanair,Ryanair,Ryanair,1,Direkt,inklusive: kleine Tasche,,19:00,21:40,2 Std. 40 Min.,06:45,09:10,2 Std. 25 Min.,"491 Flüge nach Madrid ab 70,83 €",132,71.0
2026-05-26T21:24:30Z,FCO-MAD,FCO,MAD,2026-06-16,2026-06-23,21,4,,113.95,"113,95 €",1,Ryanair,Ryanair,Ryanair,1,Direkt,inklusive: kleine Tasche,,09:45,12:25,2 Std. 40 Min.,22:15,00:40,2 Std. 25 Min.,"491 Flüge nach Madrid ab 70,83 €",132,71.0
2026-05-26T21:24:40Z,MAD-FCO,MAD,FCO,2026-06-16,2026-06-23,21,0,,64.78,"64,78 €",1,Ryanair,Ryanair,Ryanair,1,Direkt,inklusive: kleine Tasche,,22:15,00:40,2 Std. 25 Min.,06:05,08:45,2 Std. 40 Min.,"513 Flüge nach Rom ab 64,78 €",132,65.0
2026-05-26T21:24:40Z,MAD-FCO,MAD,FCO,2026-06-16,2026-06-23,21,1,,90.83,"90,83 €",1,Ryanair,Ryanair,Ryanair,1,Direkt,inklusive: kleine Tasche,,22:15,00:40,2 Std. 25 Min.,19:00,21:40,2 Std. 40 Min.,"513 Flüge nach Rom ab 64,78 €",132,65.0
2026-05-26T21:24:40Z,MAD-FCO,MAD,FCO,2026-06-16,2026-06-23,21,2,,92.43,"92,43 €",1,ITA Airways,ITA Airways,ITA Airways,1,Direkt,inklusive: kleine Tasche,,05:55,08:20,2 Std. 25 Min.,14:35,17:10,2 Std. 35 Min.,"513 Flüge nach Rom ab 64,78 €",132,65.0
2026-05-26T21:24:40Z,MAD-FCO,MAD,FCO,2026-06-16,2026-06-23,21,3,,170.64,"170,64 €",1,Ryanair,Ryanair,Ryanair,1,Direkt,"inklusive: kleine Tasche, Handgepäck",,06:45,09:10,2 Std. 25 Min.,19:00,21:40,2 Std. 40 Min.,"513 Flüge nach Rom ab 64,78 €",132,65.0
2026-05-26T21:24:40Z,MAD-FCO,MAD,FCO,2026-06-16,2026-06-23,21,4,,90.83,"90,83 €",1,Ryanair,Ryanair,Ryanair,1,Direkt,inklusive: kleine Tasche,,22:15,00:40,2 Std. 25 Min.,19:00,21:40,2 Std. 40 Min.,"513 Flüge nach Rom ab 64,78 €",132,65.0
2026-05-26T21:58:51Z,LHR-JFK,LHR,JFK,2026-06-16,2026-06-23,21,0,,811.1,"811,10 €",1,American Airlines,American Airlines,American Airlines,1,Direkt,"inklusive: kleine Tasche, Handgepäck",,18:05,21:05,8 Std.,07:50,19:45,6 Std. 55 Min.,"434 Flüge nach New York City ab 708,53 €",100,812.0
2026-05-26T21:58:51Z,LHR-JFK,LHR,JFK,2026-06-16,2026-06-23,21,1,,811.1,"811,10 €",1,American Airlines,American Airlines,American Airlines,1,Direkt,"inklusive: kleine Tasche, Handgepäck",,18:05,21:05,8 Std.,19:15,07:20,7 Std. 5 Min.,"434 Flüge nach New York City ab 708,53 €",100,812.0
2026-05-26T21:58:51Z,LHR-JFK,LHR,JFK,2026-06-16,2026-06-23,21,2,,811.1,"811,10 €",1,American Airlines,American Airlines,American Airlines,1,Direkt,"inklusive: kleine Tasche, Handgepäck",,18:05,21:05,8 Std.,09:30,21:40,7 Std. 10 Min.,"434 Flüge nach New York City ab 708,53 €",100,812.0
2026-05-26T21:58:51Z,LHR-JFK,LHR,JFK,2026-06-16,2026-06-23,21,3,,811.1,"811,10 €",1,American Airlines,American Airlines,American Airlines,1,Direkt,"inklusive: kleine Tasche, Handgepäck",,18:05,21:05,8 Std.,18:05,06:25,7 Std. 20 Min.,"434 Flüge nach New York City ab 708,53 €",100,812.0
2026-05-26T21:58:51Z,LHR-JFK,LHR,JFK,2026-06-16,2026-06-23,21,4,,849.1,"849,10 €",1,American Airlines,American Airlines,American Airlines,1,Direkt,"inklusive: kleine Tasche, Handgepäck",,08:20,11:10,7 Std. 50 Min.,07:50,19:45,6 Std. 55 Min.,"434 Flüge nach New York City ab 708,53 €",100,812.0
2026-05-26T21:59:00Z,MAD-BCN,MAD,BCN,2026-06-16,2026-06-23,21,0,Beliebtester Flug,156.27,"156,27 €",1,Air Europa,Air Europa,Air Europa,1,Direkt,"inklusive: kleine Tasche, Handgepäck",,15:10,16:35,1 Std. 25 Min.,20:30,21:55,1 Std. 25 Min.,"447 Flüge nach Barcelona ab 156,27 €",347,157.0
2026-05-26T21:59:00Z,MAD-BCN,MAD,BCN,2026-06-16,2026-06-23,21,1,,192.39,"192,39 €",1,Air Europa,Air Europa,Air Europa,1,Direkt,"inklusive: kleine Tasche, Handgepäck, Aufgabegepäck",,15:10,16:35,1 Std. 25 Min.,20:30,21:55,1 Std. 25 Min.,"447 Flüge nach Barcelona ab 156,27 €",347,157.0
2026-05-26T21:59:00Z,MAD-BCN,MAD,BCN,2026-06-16,2026-06-23,21,2,,196.89,"196,89 €",1,Air Europa,Air Europa,Air Europa,1,Direkt,"inklusive: kleine Tasche, Handgepäck",,07:30,08:55,1 Std. 25 Min.,20:30,21:55,1 Std. 25 Min.,"447 Flüge nach Barcelona ab 156,27 €",347,157.0
2026-05-26T21:59:00Z,MAD-BCN,MAD,BCN,2026-06-16,2026-06-23,21,3,,196.19,"196,19 €",2,Air Europa | Iberia Airlines,Air Europa,Iberia Airlines,1,Direkt,inklusive: kleine Tasche,,15:10,16:35,1 Std. 25 Min.,14:50,16:15,1 Std. 25 Min.,"447 Flüge nach Barcelona ab 156,27 €",347,157.0
2026-05-26T21:59:00Z,MAD-BCN,MAD,BCN,2026-06-16,2026-06-23,21,4,Am schnellsten,201.15,"201,15 €",1,British Airways,British Airways,British Airways,1,Direkt,"inklusive: kleine Tasche, Aufgabegepäck",,21:35,22:50,1 Std. 15 Min.,14:50,16:15,1 Std. 25 Min.,"447 Flüge nach Barcelona ab 156,27 €",347,157.0
2026-05-26T21:59:09Z,FRA-MUC,FRA,MUC,2026-06-16,2026-06-23,21,0,Beliebtester Flug,170.98,"170,98 €",1,Condor,Condor,Condor,1,Direkt,"inklusive: kleine Tasche, Handgepäck",,07:15,08:15,1 Std.,16:20,17:15,55 Min.,"662 Flüge nach München ab 170,98 €",346,171.0
2026-05-26T21:59:09Z,FRA-MUC,FRA,MUC,2026-06-16,2026-06-23,21,1,Am schnellsten,190.98,"190,98 €",1,Condor,Condor,Condor,1,Direkt,"inklusive: kleine Tasche, Handgepäck",,14:30,15:30,1 Std.,16:20,17:15,55 Min.,"662 Flüge nach München ab 170,98 €",346,171.0
2026-05-26T21:59:09Z,FRA-MUC,FRA,MUC,2026-06-16,2026-06-23,21,2,Am schnellsten,226.98,"226,98 €",1,Condor,Condor,Condor,1,Direkt,"inklusive: kleine Tasche, Handgepäck, Aufgabegepäck",,14:30,15:30,1 Std.,16:20,17:15,55 Min.,"662 Flüge nach München ab 170,98 €",346,171.0
2026-05-26T21:59:09Z,FRA-MUC,FRA,MUC,2026-06-16,2026-06-23,21,3,Am schnellsten,206.98,"206,98 €",1,Condor,Condor,Condor,1,Direkt,"inklusive: kleine Tasche, Handgepäck, Aufgabegepäck",,07:15,08:15,1 Std.,16:20,17:15,55 Min.,"662 Flüge nach München ab 170,98 €",346,171.0
2026-05-26T21:59:09Z,FRA-MUC,FRA,MUC,2026-06-16,2026-06-23,21,4,Am schnellsten,193.98,"193,98 €",1,Condor,Condor,Condor,1,Direkt,"inklusive: kleine Tasche, Handgepäck",,07:15,08:15,1 Std.,09:15,10:10,55 Min.,"662 Flüge nach München ab 170,98 €",346,171.0
2026-05-26T21:59:18Z,FCO-MAD,FCO,MAD,2026-06-16,2026-06-23,21,0,Beliebtester Flug,158.43,"158,43 €",1,ITA Airways,ITA Airways,ITA Airways,1,Direkt,"inklusive: kleine Tasche, Handgepäck",,08:10,10:45,2 Std. 35 Min.,18:05,20:30,2 Std. 25 Min.,"523 Flüge nach Madrid ab 70,83 €",156,71.0
2026-05-26T21:59:18Z,FCO-MAD,FCO,MAD,2026-06-16,2026-06-23,21,1,Günstigster Direktflug,70.83,"70,83 €",1,Ryanair,Ryanair,Ryanair,1,Direkt,inklusive: kleine Tasche,,06:05,08:45,2 Std. 40 Min.,22:15,00:40,2 Std. 25 Min.,"523 Flüge nach Madrid ab 70,83 €",156,71.0
2026-05-26T21:59:18Z,FCO-MAD,FCO,MAD,2026-06-16,2026-06-23,21,2,Früheste Ankunftszeit,77.6,"77,60 €",1,Ryanair,Ryanair,Ryanair,1,Direkt,inklusive: kleine Tasche,,06:05,08:45,2 Std. 40 Min.,06:45,09:10,2 Std. 25 Min.,"523 Flüge nach Madrid ab 70,83 €",156,71.0
2026-05-26T21:59:18Z,FCO-MAD,FCO,MAD,2026-06-16,2026-06-23,21,3,,156.93,"156,93 €",1,Air Europa,Air Europa,Air Europa,1,Direkt,"inklusive: kleine Tasche, Handgepäck",,16:35,19:10,2 Std. 35 Min.,15:00,17:25,2 Std. 25 Min.,"523 Flüge nach Madrid ab 70,83 €",156,71.0
2026-05-26T21:59:18Z,FCO-MAD,FCO,MAD,2026-06-16,2026-06-23,21,4,,121.93,"121,93 €",1,ITA Airways,ITA Airways,ITA Airways,1,Direkt,"inklusive: kleine Tasche, Handgepäck",,08:10,10:45,2 Std. 35 Min.,05:55,08:20,2 Std. 25 Min.,"523 Flüge nach Madrid ab 70,83 €",156,71.0
2026-05-26T21:59:27Z,MAD-FCO,MAD,FCO,2026-06-16,2026-06-23,21,0,Beliebtester Flug,118.48,"118,48 €",1,Ryanair,Ryanair,Ryanair,1,Direkt,inklusive: kleine Tasche,,06:45,09:10,2 Std. 25 Min.,19:00,21:40,2 Std. 40 Min.,"505 Flüge nach Rom ab 64,78 €",150,65.0
2026-05-26T21:59:27Z,MAD-FCO,MAD,FCO,2026-06-16,2026-06-23,21,1,Günstigster Direktflug,64.78,"64,78 €",1,Ryanair,Ryanair,Ryanair,1,Direkt,inklusive: kleine Tasche,,22:15,00:40,2 Std. 25 Min.,06:05,08:45,2 Std. 40 Min.,"505 Flüge nach Rom ab 64,78 €",150,65.0
2026-05-26T21:59:27Z,MAD-FCO,MAD,FCO,2026-06-16,2026-06-23,21,2,Früheste Ankunftszeit,195.93,"195,93 €",1,ITA Airways,ITA Airways,ITA Airways,1,Direkt,"inklusive: kleine Tasche, Handgepäck",,05:55,08:20,2 Std. 25 Min.,14:35,17:10,2 Std. 35 Min.,"505 Flüge nach Rom ab 64,78 €",150,65.0
2026-05-26T21:59:27Z,MAD-FCO,MAD,FCO,2026-06-16,2026-06-23,21,3,,170.64,"170,64 €",1,Ryanair,Ryanair,Ryanair,1,Direkt,"inklusive: kleine Tasche, Handgepäck",,06:45,09:10,2 Std. 25 Min.,19:00,21:40,2 Std. 40 Min.,"505 Flüge nach Rom ab 64,78 €",150,65.0
2026-05-26T21:59:27Z,MAD-FCO,MAD,FCO,2026-06-16,2026-06-23,21,4,,90.83,"90,83 €",1,Ryanair,Ryanair,Ryanair,1,Direkt,inklusive: kleine Tasche,,22:15,00:40,2 Std. 25 Min.,19:00,21:40,2 Std. 40 Min.,"505 Flüge nach Rom ab 64,78 €",150,65.0
2026-05-26T22:01:20Z,LHR-MAD,LHR,MAD,2026-06-17,2026-06-24,22,0,,230.68,"230,68 €",1,British Airways,British Airways,British Airways,1,Direkt,"inklusive: kleine Tasche, Handgepäck",,17:10,20:35,2 Std. 25 Min.,15:45,17:15,2 Std. 30 Min.,"531 Flüge nach Madrid ab 230,68 €",173,231.0
2026-05-26T22:01:20Z,LHR-MAD,LHR,MAD,2026-06-17,2026-06-24,22,1,,230.68,"230,68 €",1,British Airways,British Airways,British Airways,1,Direkt,"inklusive: kleine Tasche, Handgepäck",,10:50,14:15,2 Std. 25 Min.,15:45,17:15,2 Std. 30 Min.,"531 Flüge nach Madrid ab 230,68 €",173,231.0
2026-05-26T22:01:20Z,LHR-MAD,LHR,MAD,2026-06-17,2026-06-24,22,2,,230.68,"230,68 €",1,British Airways,British Airways,British Airways,1,Direkt,"inklusive: kleine Tasche, Handgepäck",,18:45,22:10,2 Std. 25 Min.,15:45,17:15,2 Std. 30 Min.,"531 Flüge nach Madrid ab 230,68 €",173,231.0
2026-05-26T22:01:20Z,LHR-MAD,LHR,MAD,2026-06-17,2026-06-24,22,3,,230.68,"230,68 €",1,British Airways,British Airways,British Airways,1,Direkt,"inklusive: kleine Tasche, Handgepäck",,09:15,12:40,2 Std. 25 Min.,15:45,17:15,2 Std. 30 Min.,"531 Flüge nach Madrid ab 230,68 €",173,231.0
2026-05-26T22:01:20Z,LHR-MAD,LHR,MAD,2026-06-17,2026-06-24,22,4,,230.68,"230,68 €",1,British Airways,British Airways,British Airways,1,Direkt,"inklusive: kleine Tasche, Handgepäck",,15:50,19:15,2 Std. 25 Min.,15:45,17:15,2 Std. 30 Min.,"531 Flüge nach Madrid ab 230,68 €",173,231.0
2026-05-26T22:04:10Z,LHR-FCO,LHR,FCO,2026-06-17,2026-06-24,22,0,,219.64,"219,64 €",1,ITA Airways,ITA Airways,ITA Airways,1,Direkt,"inklusive: kleine Tasche, Handgepäck",,16:30,20:10,2 Std. 40 Min.,07:50,09:40,2 Std. 50 Min.,"695 Flüge nach Rom ab 219,64 €",110,220.0
2026-05-26T22:04:10Z,LHR-FCO,LHR,FCO,2026-06-17,2026-06-24,22,1,,230.96,"230,96 €",1,ITA Airways,ITA Airways,ITA Airways,1,Direkt,"inklusive: kleine Tasche, Handgepäck",,16:30,20:10,2 Std. 40 Min.,13:50,15:40,2 Std. 50 Min.,"695 Flüge nach Rom ab 219,64 €",110,220.0
2026-05-26T22:04:10Z,LHR-FCO,LHR,FCO,2026-06-17,2026-06-24,22,2,,256.02,"256,02 €",1,British Airways,British Airways,British Airways,1,Direkt,"inklusive: kleine Tasche, Handgepäck",,06:45,10:20,2 Std. 35 Min.,21:05,22:40,2 Std. 35 Min.,"695 Flüge nach Rom ab 219,64 €",110,220.0
2026-05-26T22:04:10Z,LHR-FCO,LHR,FCO,2026-06-17,2026-06-24,22,3,,256.02,"256,02 €",1,British Airways,British Airways,British Airways,1,Direkt,"inklusive: kleine Tasche, Handgepäck",,07:50,11:25,2 Std. 35 Min.,21:05,22:40,2 Std. 35 Min.,"695 Flüge nach Rom ab 219,64 €",110,220.0
2026-05-26T22:04:10Z,LHR-FCO,LHR,FCO,2026-06-17,2026-06-24,22,4,,263.02,"263,02 €",1,British Airways,British Airways,British Airways,1,Direkt,"inklusive: kleine Tasche, Handgepäck",,19:05,22:35,2 Std. 30 Min.,21:05,22:40,2 Std. 35 Min.,"695 Flüge nach Rom ab 219,64 €",110,220.0
2026-05-26T22:05:25Z,LHR-AMS,LHR,AMS,2026-06-17,2026-06-24,22,0,,220.19,"220,19 €",1,KLM Royal Dutch Airlines,KLM Royal Dutch Airlines,KLM Royal Dutch Airlines,1,Direkt,"inklusive: kleine Tasche, Handgepäck",,20:55,23:05,1 Std. 10 Min.,16:00,16:15,1 Std. 15 Min.,"987 Flüge nach Amsterdam ab 217,19 €",214,218.0
2026-05-26T22:05:25Z,LHR-AMS,LHR,AMS,2026-06-17,2026-06-24,22,1,,217.19,"217,19 €",1,KLM Royal Dutch Airlines,KLM Royal Dutch Airlines,KLM Royal Dutch Airlines,1,Direkt,"inklusive: kleine Tasche, Handgepäck",,20:55,23:05,1 Std. 10 Min.,08:40,09:00,1 Std. 20 Min.,"987 Flüge nach Amsterdam ab 217,19 €",214,218.0
2026-05-26T22:05:25Z,LHR-AMS,LHR,AMS,2026-06-17,2026-06-24,22,2,,217.19,"217,19 €",1,KLM Royal Dutch Airlines,KLM Royal Dutch Airlines,KLM Royal Dutch Airlines,1,Direkt,"inklusive: kleine Tasche, Handgepäck",,20:55,23:05,1 Std. 10 Min.,07:20,07:40,1 Std. 20 Min.,"987 Flüge nach Amsterdam ab 217,19 €",214,218.0
2026-05-26T22:05:25Z,LHR-AMS,LHR,AMS,2026-06-17,2026-06-24,22,3,,220.19,"220,19 €",1,KLM Royal Dutch Airlines,KLM Royal Dutch Airlines,KLM Royal Dutch Airlines,1,Direkt,"inklusive: kleine Tasche, Handgepäck",,14:45,17:00,1 Std. 15 Min.,16:00,16:15,1 Std. 15 Min.,"987 Flüge nach Amsterdam ab 217,19 €",214,218.0
2026-05-26T22:05:25Z,LHR-AMS,LHR,AMS,2026-06-17,2026-06-24,22,4,,220.19,"220,19 €",1,KLM Royal Dutch Airlines,KLM Royal Dutch Airlines,KLM Royal Dutch Airlines,1,Direkt,"inklusive: kleine Tasche, Handgepäck",,19:15,21:30,1 Std. 15 Min.,16:00,16:15,1 Std. 15 Min.,"987 Flüge nach Amsterdam ab 217,19 €",214,218.0
2026-05-26T22:07:29Z,CDG-MAD,CDG,MAD,2026-06-17,2026-06-24,22,0,,261.77,"261,77 €",1,Air France,Air France,Air France,1,Direkt,"inklusive: kleine Tasche, Handgepäck",,07:00,09:10,2 Std. 10 Min.,17:45,19:50,2 Std. 5 Min.,"608 Flüge nach Madrid ab 188,93 €",74,262.0
2026-05-26T22:07:29Z,CDG-MAD,CDG,MAD,2026-06-17,2026-06-24,22,1,,261.77,"261,77 €",1,Air France,Air France,Air France,1,Direkt,"inklusive: kleine Tasche, Handgepäck",,07:00,09:10,2 Std. 10 Min.,06:00,08:10,2 Std. 10 Min.,"608 Flüge nach Madrid ab 188,93 €",74,262.0
2026-05-26T22:07:29Z,CDG-MAD,CDG,MAD,2026-06-17,2026-06-24,22,2,,270.41,"270,41 €",1,Vueling,Vueling,Vueling,1,Direkt,"inklusive: kleine Tasche, Handgepäck, Aufgabegepäck",,06:50,09:00,2 Std. 10 Min.,21:45,23:50,2 Std. 5 Min.,"608 Flüge nach Madrid ab 188,93 €",74,262.0
2026-05-26T22:07:29Z,CDG-MAD,CDG,MAD,2026-06-17,2026-06-24,22,3,,283.77,"283,77 €",1,Air France,Air France,Air France,1,Direkt,"inklusive: kleine Tasche, Handgepäck",,07:00,09:10,2 Std. 10 Min.,16:40,18:45,2 Std. 5 Min.,"608 Flüge nach Madrid ab 188,93 €",74,262.0
2026-05-26T22:07:29Z,CDG-MAD,CDG,MAD,2026-06-17,2026-06-24,22,4,,298.77,"298,77 €",1,Air France,Air France,Air France,1,Direkt,"inklusive: kleine Tasche, Handgepäck",,07:00,09:10,2 Std. 10 Min.,12:20,14:25,2 Std. 5 Min.,"608 Flüge nach Madrid ab 188,93 €",74,262.0
2026-05-26T22:08:26Z,CDG-FCO,CDG,FCO,2026-06-17,2026-06-24,22,0,,193.56,"193,56 €",1,Air France,Air France,Air France,1,Direkt,"inklusive: kleine Tasche, Handgepäck",,06:50,08:55,2 Std. 5 Min.,20:10,20:40,2 Std. 10 Min.,"664 Flüge nach Rom ab 183,33 €",105,194.0
2026-05-26T22:08:26Z,CDG-FCO,CDG,FCO,2026-06-17,2026-06-24,22,1,Günstigster Direktflug,193.56,"193,56 €",1,Air France,Air France,Air France,1,Direkt,"inklusive: kleine Tasche, Handgepäck",,06:50,08:55,2 Std. 5 Min.,20:10,22:20,2 Std. 10 Min.,"664 Flüge nach Rom ab 183,33 €",105,194.0
2026-05-26T22:08:26Z,CDG-FCO,CDG,FCO,2026-06-17,2026-06-24,22,2,Am schnellsten,220.56,"220,56 €",1,Air France,Air France,Air France,1,Direkt,"inklusive: kleine Tasche, Handgepäck",,06:50,08:55,2 Std. 5 Min.,17:40,19:50,2 Std. 10 Min.,"664 Flüge nach Rom ab 183,33 €",105,194.0
2026-05-26T22:08:26Z,CDG-FCO,CDG,FCO,2026-06-17,2026-06-24,22,3,Am schnellsten,217.56,"217,56 €",1,Air France,Air France,Air France,1,Direkt,"inklusive: kleine Tasche, Handgepäck",,06:50,08:55,2 Std. 5 Min.,15:30,17:40,2 Std. 10 Min.,"664 Flüge nach Rom ab 183,33 €",105,194.0
2026-05-26T22:08:26Z,CDG-FCO,CDG,FCO,2026-06-17,2026-06-24,22,4,,239.56,"239,56 €",1,Air France,Air France,Air France,1,Direkt,"inklusive: kleine Tasche, Handgepäck",,15:20,17:30,2 Std. 10 Min.,18:30,20:40,2 Std. 10 Min.,"664 Flüge nach Rom ab 183,33 €",105,194.0
2026-05-26T22:09:54Z,FRA-LHR,FRA,LHR,2026-06-17,2026-06-24,22,0,Beliebtester Flug,150.24,"150,24 €",1,Lufthansa,Lufthansa,Lufthansa,1,Direkt,inklusive: kleine Tasche,,12:00,12:40,1 Std. 40 Min.,19:30,22:05,1 Std. 35 Min.,"1.466 Flüge nach London ab 150,24 €",357,151.0
2026-05-26T22:09:54Z,FRA-LHR,FRA,LHR,2026-06-17,2026-06-24,22,1,Früheste Ankunftszeit,179.49,"179,49 €",1,British Airways,British Airways,British Airways,1,Direkt,"inklusive: kleine Tasche, Handgepäck",,06:35,07:20,1 Std. 45 Min.,20:00,22:35,1 Std. 35 Min.,"1.466 Flüge nach London ab 150,24 €",357,151.0
2026-05-26T22:09:54Z,FRA-LHR,FRA,LHR,2026-06-17,2026-06-24,22,2,,170.24,"170,24 €",1,Lufthansa,Lufthansa,Lufthansa,1,Direkt,"inklusive: kleine Tasche, Handgepäck",,12:00,12:40,1 Std. 40 Min.,19:30,22:05,1 Std. 35 Min.,"1.466 Flüge nach London ab 150,24 €",357,151.0
2026-05-26T22:09:54Z,FRA-LHR,FRA,LHR,2026-06-17,2026-06-24,22,3,,180.24,"180,24 €",1,Lufthansa,Lufthansa,Lufthansa,1,Direkt,"inklusive: kleine Tasche, Handgepäck",,12:00,12:40,1 Std. 40 Min.,18:30,21:05,1 Std. 35 Min.,"1.466 Flüge nach London ab 150,24 €",357,151.0
2026-05-26T22:09:54Z,FRA-LHR,FRA,LHR,2026-06-17,2026-06-24,22,4,Günstigster Direktflug,150.24,"150,24 €",1,Lufthansa,Lufthansa,Lufthansa,1,Direkt,inklusive: kleine Tasche,,07:00,07:40,1 Std. 40 Min.,19:30,22:05,1 Std. 35 Min.,"1.466 Flüge nach London ab 150,24 €",357,151.0
2026-05-26T22:11:26Z,FRA-FCO,FRA,FCO,2026-06-17,2026-06-24,22,0,,112.01,"112,01 €",1,easyJet,easyJet,easyJet,1,Direkt,inklusive: kleine Tasche,,21:00,22:55,1 Std. 55 Min.,13:00,15:00,2 Std.,"541 Flüge nach Rom ab 112,01 €",103,113.0
2026-05-26T22:11:26Z,FRA-FCO,FRA,FCO,2026-06-17,2026-06-24,22,1,,120.01,"120,01 €",1,easyJet,easyJet,easyJet,1,Direkt,inklusive: kleine Tasche,,21:00,22:55,1 Std. 55 Min.,18:25,20:25,2 Std.,"541 Flüge nach Rom ab 112,01 €",103,113.0
2026-05-26T22:11:26Z,FRA-FCO,FRA,FCO,2026-06-17,2026-06-24,22,2,,128.51,"128,51 €",1,easyJet,easyJet,easyJet,1,Direkt,inklusive: kleine Tasche,,15:40,17:30,1 Std. 50 Min.,13:00,15:00,2 Std.,"541 Flüge nach Rom ab 112,01 €",103,113.0
2026-05-26T22:11:26Z,FRA-FCO,FRA,FCO,2026-06-17,2026-06-24,22,3,,136.51,"136,51 €",1,easyJet,easyJet,easyJet,1,Direkt,inklusive: kleine Tasche,,15:40,17:30,1 Std. 50 Min.,18:25,20:25,2 Std.,"541 Flüge nach Rom ab 112,01 €",103,113.0
2026-05-26T22:11:26Z,FRA-FCO,FRA,FCO,2026-06-17,2026-06-24,22,4,,145.98,"145,98 €",1,Condor,Condor,Condor,1,Direkt,"inklusive: kleine Tasche, Handgepäck",,20:00,21:50,1 Std. 50 Min.,11:10,13:00,1 Std. 50 Min.,"541 Flüge nach Rom ab 112,01 €",103,113.0
